problem_id,problem,answer,stub,stub_and_perturb_model,stub_and_perturb_model_provider,completion_model,completion_model_provider,perturbed_stub_lm,perturbed_stub_lm_completion,perturbed_stub_lm_solution_verified
0,Janet’s ducks lay 16 eggs per day. She eats three for breakfast every morning and bakes muffins for her friends every day with four. She sells the remainder at the farmers' market daily for $2 per fresh duck egg. How much in dollars does she make every day at the farmers' market?,18,"To find out how much Janet makes every day at the farmers' market, we first need to calculate how many eggs she has left after eating and baking.

1. Total eggs laid per day: 16 eggs
2. Eggs eaten for breakfast: 3 eggs
3. Eggs used for baking muffins: 4 eggs
4. Total eggs used: 3 (eaten) + 4 (baking) = 7 eggs
5. Eggs left to sell: 16",meta-llama/llama-3.1-405b-instruct,DeepInfra,command-r7b-12-2024,Cohere,"To find out how much Janet makes every day at the farmers' market, we first need to calculate how many eggs she has left after eating and baking.

1. Total eggs laid per day: 16 eggs
2. Eggs eaten for breakfast: 3 eggs
3. Eggs used for baking muffins: 6 eggs
4. Total eggs used: 3 (eaten) + 6 (baking) = 9 eggs
5. Eggs left to sell: 16 - 9 = 7 eggs","

Since Janet sells each egg for $2, we can calculate her daily earnings at the farmers' market by multiplying the number of eggs left by the price per egg.

Daily earnings = 7 eggs * $2/egg = $14

Final Answer: $14",False
0,Janet’s ducks lay 16 eggs per day. She eats three for breakfast every morning and bakes muffins for her friends every day with four. She sells the remainder at the farmers' market daily for $2 per fresh duck egg. How much in dollars does she make every day at the farmers' market?,18,"To find out how much Janet makes every day at the farmers' market, we first need to calculate how many eggs she has left after eating and baking.

1. Total eggs laid per day: 16 eggs
2. Eggs eaten for breakfast: 3 eggs
3. Eggs used for baking muffins: 4 eggs
4. Total eggs used: 3 (eaten) + 4 (baking) = 7 eggs
5. Eggs left to sell: 16",meta-llama/llama-3.1-405b-instruct,DeepInfra,google/gemma-2-27b-it,DeepInfra,"To find out how much Janet makes every day at the farmers' market, we first need to calculate how many eggs she has left after eating and baking.

1. Total eggs laid per day: 16 eggs
2. Eggs eaten for breakfast: 3 eggs
3. Eggs used for baking muffins: 6 eggs
4. Total eggs used: 3 (eaten) + 6 (baking) = 9 eggs
5. Eggs left to sell: 16 - 9 = 7 eggs","

Since she sells each egg for $2, her daily earnings are:

6. Daily earnings: 7 eggs * $2/egg = $14


**Answer:** Janet makes $14 every day at the farmers' market.",False
0,Janet’s ducks lay 16 eggs per day. She eats three for breakfast every morning and bakes muffins for her friends every day with four. She sells the remainder at the farmers' market daily for $2 per fresh duck egg. How much in dollars does she make every day at the farmers' market?,18,"To find out how much Janet makes every day at the farmers' market, we first need to calculate how many eggs she has left after eating and baking.

1. Total eggs laid per day: 16 eggs
2. Eggs eaten for breakfast: 3 eggs
3. Eggs used for baking muffins: 4 eggs
4. Total eggs used: 3 (eaten) + 4 (baking) = 7 eggs
5. Eggs left to sell: 16",meta-llama/llama-3.1-405b-instruct,DeepInfra,meta-llama/llama-3.3-70b-instruct,Novita,"To find out how much Janet makes every day at the farmers' market, we first need to calculate how many eggs she has left after eating and baking.

1. Total eggs laid per day: 16 eggs
2. Eggs eaten for breakfast: 3 eggs
3. Eggs used for baking muffins: 6 eggs
4. Total eggs used: 3 (eaten) + 6 (baking) = 9 eggs
5. Eggs left to sell: 16 - 9 = 7 eggs","

Since Janet sells the remaining eggs at $2 per egg, we multiply the number of eggs she has left by the price per egg to find out how much she makes every day.

Daily earnings = Number of eggs left * Price per egg
Daily earnings = 7 eggs * $2/egg
Daily earnings = $14

Therefore, Janet makes $14 every day at the farmers' market.",False
0,Janet’s ducks lay 16 eggs per day. She eats three for breakfast every morning and bakes muffins for her friends every day with four. She sells the remainder at the farmers' market daily for $2 per fresh duck egg. How much in dollars does she make every day at the farmers' market?,18,"To find out how much Janet makes every day at the farmers' market, we first need to calculate how many eggs she has left after eating and baking.

1. Total eggs laid per day: 16 eggs
2. Eggs eaten for breakfast: 3 eggs
3. Eggs used for baking muffins: 4 eggs
4. Total eggs used: 3 (eaten) + 4 (baking) = 7 eggs
5. Eggs left to sell: 16",meta-llama/llama-3.1-405b-instruct,DeepInfra,mistralai/mistral-nemo,DeepInfra,"To find out how much Janet makes every day at the farmers' market, we first need to calculate how many eggs she has left after eating and baking.

1. Total eggs laid per day: 16 eggs
2. Eggs eaten for breakfast: 3 eggs
3. Eggs used for baking muffins: 6 eggs
4. Total eggs used: 3 (eaten) + 6 (baking) = 9 eggs
5. Eggs left to sell: 16 - 9 = 7 eggs","

Now, we know that Janet sells each egg for $2. So, to find out her daily earnings, we multiply the number of eggs she sells by the price per egg:

6. Daily earnings: 7 eggs * $2/egg = $14

Therefore, Janet makes $14 every day at the farmers' market.",False
0,Janet’s ducks lay 16 eggs per day. She eats three for breakfast every morning and bakes muffins for her friends every day with four. She sells the remainder at the farmers' market daily for $2 per fresh duck egg. How much in dollars does she make every day at the farmers' market?,18,"To find out how much Janet makes every day at the farmers' market, we first need to calculate how many eggs she has left after eating and baking.

1. Total eggs laid per day: 16 eggs
2. Eggs eaten for breakfast: 3 eggs
3. Eggs used for baking muffins: 4 eggs
4. Total eggs used: 3 (eaten) + 4 (baking) = 7 eggs
5. Eggs left to sell: 16",meta-llama/llama-3.1-405b-instruct,DeepInfra,qwen/qwen-2.5-72b-instruct,DeepInfra,"To find out how much Janet makes every day at the farmers' market, we first need to calculate how many eggs she has left after eating and baking.

1. Total eggs laid per day: 16 eggs
2. Eggs eaten for breakfast: 3 eggs
3. Eggs used for baking muffins: 6 eggs
4. Total eggs used: 3 (eaten) + 6 (baking) = 9 eggs
5. Eggs left to sell: 16 - 9 = 7 eggs","

Next, we calculate the revenue from selling the remaining eggs at the farmers' market.

6. Price per egg: $2
7. Revenue from selling 7 eggs: 7 eggs * $2/egg = $14

Therefore, Janet makes **$14** every day at the farmers' market.",False
0,Janet’s ducks lay 16 eggs per day. She eats three for breakfast every morning and bakes muffins for her friends every day with four. She sells the remainder at the farmers' market daily for $2 per fresh duck egg. How much in dollars does she make every day at the farmers' market?,18,"To find out how much Janet makes every day at the farmers' market, we first need to calculate how many eggs she has left after eating and baking.

1. Total eggs laid per day: 16 eggs
2. Eggs eaten for breakfast: 3 eggs
3. Eggs used for baking muffins: 4 eggs
4. Total eggs used: 3 (eaten) + 4 (baking) = 7 eggs
5. Eggs left to sell: 16",meta-llama/llama-3.1-405b-instruct,DeepInfra,qwen/qwq-32b-preview,DeepInfra,"To find out how much Janet makes every day at the farmers' market, we first need to calculate how many eggs she has left after eating and baking.

1. Total eggs laid per day: 16 eggs
2. Eggs eaten for breakfast: 3 eggs
3. Eggs used for baking muffins: 6 eggs
4. Total eggs used: 3 (eaten) + 6 (baking) = 9 eggs
5. Eggs left to sell: 16 - 9 = 7 eggs","
6. Price per egg: $2
7. Total earnings: 7 eggs * $2/egg = $14

So, Janet makes $14 every day at the farmers' market.

**Final Answer**

\[ \boxed{14} \]",False
